Grazing,medianFRrat,varFRrat,lenFRrat
Grazed,8.506207345592461,4.800578778371883,20
Ungrazed,9.085034326211337,6.778077071677596,20
