"","e","v","cc","spl","md","gd","nd","ad"
"1",1780,299,0,3.18083558015795,0.0196057947228886,0.0399542097820475,9,11.9063545150502
