"","e","v","cc","spl","md","gd","nd","ad"
"1",6526,554,0.584779054481842,3.89546754922309,0.361531361059451,0.0426031949132072,11,23.5595667870036
